Specie;VEN;SUB;TL;TaL;SVL;HL;HW;IO;ED;C;TaL_TL;SVL_TL;HL_TL;HW_C;HW_HL;IO_HW;ED_TL;C_TL;Mode;Habit
Boiruna_maculata;213.7;60.875;1202.375;213.125;1005.4;34.01;19.97;10.65;9.01;85.02;0.177253353;0.836178397;0.028285685;0.234885909;0.587180241;0.53329995;0.007493502;0.070710053;Oviparous;Terrestrial
Bothrops_alternatus;174.2272727;46.6;930.5238095;116.1428571;783.0833333;41.54;27.70411765;12.83583333;12.46833333;105.6470588;0.124814493;0.841551098;0.044641523;0.262232739;0.666926279;0.463318612;0.013399263;0.113535041;Viviparous;Terrestrial
Bothrops_diporus;178.4166667;45.41666667;728;102.0769231;625.9230769;32.42909091;22.18166667;12.235;9.84;70.46;0.140215554;0.859784446;0.044545455;0.314812187;0.684005195;0.551581636;0.013516484;0.096785714;Viviparous;Terrestrial
Chironius_maculoventris;151.5555556;90.33333333;948.3636364;296.1818182;652.1818182;28.54181818;14.64818182;9.327272727;8.336363636;49.3;0.312308282;0.687691718;0.030095859;0.297123363;0.513218244;0.636752932;0.008790261;0.051984279;Oviparous;Arboreal
Clelia_clelia;209;77;1201;166;655;20.35;12;7;5.6;44.65;0.138218152;0.545378851;0.016944213;0.268756999;0.58968059;0.583333333;0.004662781;0.037177352;Oviparous;Terrestrial
Crotalus_durissus;171.8333333;27.8;1259.25;123.25;919.5555556;43.3;36.18833333;16.83333333;12.025;129.6;0.09787572;0.730240664;0.034385547;0.279230967;0.835758276;0.465159121;0.009549335;0.102918404;Viviparous;Terrestrial
Erythrolamprus_almadensis;155.4545455;59.72727273;428.25;86.09090909;312.6363636;16.52;7.935;4.45;4.375;29.5125;0.20102956;0.730032373;0.038575598;0.268869123;0.480326877;0.560806553;0.010215995;0.068914186;Oviparous;Terrestrial
Erythrolamprus_jaegeri;158.5;62.65;402.2;93.02;311.7962963;13.9375;7.7375;5.37;3.7625;21.75;0.231277971;0.775226992;0.034653158;0.355747126;0.555156951;0.694022617;0.009354799;0.054077573;Oviparous;Aquatic
Erythrolamprus_poecilogyrus;148.8181818;42.33333333;328.3;54.3;273.0909091;15.98818182;8.97;4.854545455;4.726363636;38.58833333;0.165397502;0.831833412;0.048699914;0.232453678;0.561039404;0.541197933;0.014396478;0.117539852;Oviparous;Aquatic
Erythrolamprus_sagittifer;190.3;88.25;560.8;140.1;431.9;19.3939;11.37667;6.02333;5.5633333;37;0.249821683;0.770149786;0.034582561;0.307477568;0.586610738;0.529445787;0.009920352;0.065977175;Oviparous;Terrestrial
Erythrolamprus_semiaureus;180.1578947;57.41935484;713.2058824;133.0857143;628.8333333;25.44297297;16.09939394;8.287647059;7.555806452;58.61290323;0.186602098;0.881699589;0.035674093;0.274673204;0.632763866;0.514780065;0.010594145;0.082182305;Oviparous;Aquatic
Eunectes_notaeus;223.3333333;53.28571429;2098.888889;277.4444444;1813.3;54;47.11428571;19.25;21.57142857;195.6;0.132186342;0.863933298;0.025727898;0.240870581;0.872486772;0.408580958;0.010277547;0.093192165;Viviparous;Aquatic
Helicops_leopardinus;121.3846154;66.33333333;424.3958333;117.7021277;308.6730769;19.82076923;12.22215686;5.527647059;4.672156863;43.7338;0.277340441;0.727323533;0.046703496;0.279467068;0.616633831;0.452264451;0.01100896;0.103049551;Viviparous;Aquatic
Hydrodynastes_gigas;159.9347826;67.5952381;1703.541667;388.755102;1285.490566;53.64444444;35.23973684;17.56775;15.62317073;145.8486486;0.228204047;0.75459884;0.031489951;0.241618535;0.656913073;0.498521033;0.009170994;0.085614958;Oviparous;Aquatic
Imantodes_cenchoa;239;152;1106.333333;364.6666667;741.6666667;16.8;10;5.5;5.25;33;0.329617355;0.670382645;0.015185297;0.303030303;0.595238095;0.55;0.004745405;0.029828262;Oviparous;Arboreal
Leptodeira_annulata;186.375;78.25;615.5555556;142.8888889;477.8;20.795;12.205;6.025;4.866666667;34.81;0.232129964;0.776209386;0.033782491;0.350617639;0.586919933;0.493650143;0.007906137;0.056550542;Oviparous;Arboreal
Leptophis_ahaetulla;158.7142857;125.2307692;1106.666667;371.2;736.6875;25.64307692;12.95785714;8.895454545;8.21875;48.5;0.335421687;0.665681476;0.023171455;0.267172312;0.505316003;0.686491173;0.007426581;0.043825301;Oviparous;Arboreal
Lygophis_anomalus;157.6666667;68;527.8333333;123.9166667;376.1111111;17.56666667;10.72944444;4.866666667;5.144444444;28.71428571;0.234764762;0.712556573;0.033280707;0.373662244;0.610784314;0.45358049;0.009746342;0.054400289;Oviparous;Aquatic
Lygophis_dilepis;170.7857143;62.15384615;347.4285714;75.21428571;272.2142857;12.89;5.65;3.661428571;3.548461538;38;0.216488487;0.783511513;0.037101151;0.148684211;0.438324282;0.648040455;0.010213499;0.109375;Oviparous;Terrestrial
Lygophis_flavifrenatus;161.625;83.33333333;454.7777778;125.5555556;329.2222222;14.36111111;6.716666667;4.105555556;4.294444444;31;0.276081114;0.723918886;0.031578304;0.216666667;0.467698259;0.611248966;0.009442951;0.06816516;Oviparous;Terrestrial
Lygophis_meridionalis;172.0909091;80.7;537.4545455;139;398.4545455;15.36818182;9.022727273;4.159090909;4.490909091;24.97272727;0.258626522;0.741373478;0.028594384;0.36130324;0.587104407;0.460957179;0.008355886;0.046464817;Oviparous;Terrestrial
Palusophis_bifossatus;173.4666667;87.18181818;1604.285714;398.2307692;1228.058824;44.07384615;23.32846154;14.45833333;12.60833333;99.33;0.248229331;0.765486355;0.027472567;0.234858165;0.529303965;0.61977226;0.007859157;0.061915405;Oviparous;Terrestrial
Micrurus_altirostris;212.9;21.4;468.6;30.3;438.3;14.115;8.23;5.345;4.351;26.71;0.064660691;0.935339309;0.030121639;0.308124298;0.583067659;0.64945322;0.009285105;0.056999573;Oviparous;Fossorial
Micrurus_baliocoryphus;223.3333333;24.33333333;585.6666667;42;543.6666667;16.06666667;10.46;6.133333333;5.2375;39.83333333;0.071713147;0.928286853;0.027433125;0.262594142;0.651037344;0.586360739;0.0089428;0.06801366;Oviparous;Fossorial
Micrurus_frontalis;216.333333;20.5;681.333333;34;778.2;18.03;13.2375;8.4625;6.04;28.5;0.049902153;1.142172212;0.026462818;0.464473684;0.734193012;0.639282342;0.008864971;0.041829746;Oviparous;Fossorial
Micrurus_pyrrhocryptus;226.125;24.2;615.7777778;41.64;663.35;18.03;10.45;6.35;5.272222222;32.28;0.067621797;1.077255503;0.029280043;0.323729864;0.579589573;0.607655502;0.008561891;0.052421508;Oviparous;Fossorial
Micrurus_silviae;222.875;21.25;1085.25;63.25;1022;25;20.3;10.8;7.4;70;0.058281502;0.941718498;0.023036167;0.29;0.812;0.532019704;0.006818705;0.064501267;Oviparous;Fossorial
Mussurana_bicolor;180.3636364;53.81818182;627.3636364;111;516.3636364;20.58333333;9.985714286;5.89;6.366666667;59;0.17693088;0.82306912;0.032809255;0.169249395;0.485135917;0.589842632;0.010148288;0.094044341;Oviparous;Terrestrial
Oxyrhopus_guibei;192;78.8;799.3;164.1;635.2;22.27;11.215;6.02;6.28;48.3;0.205304642;0.794695358;0.027861879;0.232194617;0.503592277;0.536781097;0.007856875;0.060427874;Oviparous;Terrestrial
Oxyrhopus_rhombifer;192.2727273;62.72727273;590.7272727;114.4545455;476.2727273;37.55571429;9.752857143;5.667142857;5.678888889;48;0.193751924;0.806248076;0.063575386;0.203184524;0.259690365;0.581075143;0.009613385;0.081255771;Oviparous;Terrestrial
Phalotris_lemniscatus;196;29;255.333333;26.3333333;229;8.57666667;4.775;2.76333333;2.442;10.9;0.103133159;0.896866842;0.033590078;0.438073394;0.556743101;0.578708551;0.009563969;0.042689295;Oviparous;Fossorial
Phalotris_tricolor;220;23;383.046667;29.7133333;353.333333;7.95;5.78;3.823333333;2.356666667;28.5;0.077571053;0.922428945;0.020754651;0.202807018;0.727044025;0.661476355;0.006152427;0.074403467;Oviparous;Fossorial
Philodryas_aestiva;195.3571429;111;853.4;244.375;627.0625;21.05833333;10.9775;9.316;6.418;39.6;0.286354582;0.734781462;0.024675807;0.277209596;0.521290067;0.848644956;0.007520506;0.046402625;Oviparous;Terrestrial
Pseudablabes_agassizii;124.9090909;58;266.0909091;71.36363636;194.7272727;10.73636364;5.1;3.345;2.95;18;0.268192689;0.731807311;0.04034848;0.283333333;0.475021169;0.655882353;0.011086437;0.067646054;Oviparous;Terrestrial
Philodryas_baroni;223;69;1031;269.1;761.9;31.546;13.967;8.051;12.107;60.5;0.261008729;0.738991271;0.030597478;0.230859504;0.442750269;0.576430157;0.011742968;0.058680892;Oviparous;Arboreal
Philodryas_mattogrossensis;219;143;1184.16667;345.5;838.666667;29.6116667;15.38;8.01666667;8.33333333;50;0.291766361;0.708233637;0.025006334;0.3076;0.51938988;0.521239705;0.007037298;0.042223786;Oviparous;Arboreal
Philodryas_olfersii;192;105.1111111;936.2222222;245.2222222;691;24.35;13.51111111;8.322222222;7.538888889;63.5;0.261927368;0.738072632;0.026008782;0.212773403;0.554871093;0.615953947;0.008052457;0.067825777;Oviparous;Arboreal
Pseudablabes_patagoniensis;182;96.9047619;1026.306122;272.78;785.2318841;31.20415094;18.17534884;9.519347826;9.851818182;63.08333333;0.265788145;0.76510494;0.030404331;0.288116494;0.582465739;0.523750488;0.009599298;0.061466391;Oviparous;Terrestrial
Philodryas_psammophidea;191.6;99.5;677.375;182.3333;495.75;19.5665;10.1276;5.5553;5.4671;35.6;0.269176355;0.731869349;0.028885729;0.284484468;0.517602141;0.548527618;0.008070949;0.052555822;Oviparous;Terrestrial
Psomophis_obtusus;166.1111111;66;367.6666667;82.33333333;287.9;11.78333333;5.733333333;3.633333333;3.2;25.84444444;0.223934723;0.783046238;0.032048957;0.221840069;0.486562942;0.63372093;0.008703536;0.07029314;Oviparous;Terrestrial
Dipsas_turgida;156.875;43;368.1818182;60.54545455;307.6363636;13.73333333;6.925;4.88125;4.65;25.67;0.164444444;0.835555556;0.037300412;0.26977016;0.504247573;0.704873646;0.01262963;0.069720988;Oviparous;Terrestrial
Taeniophallus_occipitalis;176.2857143;66.66666667;425.5;107.125;326.8888889;12.24;5.938888889;3.512;3.39;22.17142857;0.251762632;0.768246507;0.028766157;0.267862257;0.485203341;0.591356408;0.007967098;0.052106765;Oviparous;Terrestrial
Dryophylax_chaquensis;144.3571429;57.96153846;555;117.1153846;436;23.84892857;13.59214286;7.057857143;5.634;44.8;0.211018711;0.785585586;0.042971042;0.303396046;0.569926771;0.519260077;0.010151351;0.080720721;Viviparous;Terrestrial
Dryophylax_hypoconia;145.2916667;73.65;541.2727273;155.16;394.8076923;18.0095;8.434444444;5.18;4.209230769;30.82636364;0.286657709;0.729406217;0.033272506;0.273611398;0.468333071;0.614148334;0.007776543;0.056951629;Viviparous;Aquatic
Mesotes_strigatus;138.375;66.30769231;559.2;137.6428571;435;26.103125;13.9;7.473333333;6.541333333;59.69866667;0.246142448;0.777896996;0.046679408;0.232836021;0.532503292;0.53764988;0.011697663;0.106757272;Viviparous;Aquatic
Tomodon_ocellatus;140.5454545;31.54545455;376.3636364;53.90909091;322.4545455;15.73818182;9.309090909;4.690909091;3.97;32.94;0.143236715;0.856763285;0.041816425;0.282607496;0.591497227;0.50390625;0.010548309;0.087521739;Viviparous;Terrestrial
Xenodon_dorbignyi;135.5384615;35.38461538;450.5;66.71428571;383.7857143;17.03;12.89090909;5.55;5.25;36;0.148089424;0.851910576;0.037802442;0.358080808;0.756952971;0.430535966;0.011653718;0.07991121;Oviparous;Fossorial
Xenodon_merremii;140;37.275;669.9111111;98.80487805;579.8888889;33.2897561;22.52025;9.746;9.173846154;78.95967742;0.147489535;0.865620646;0.049692796;0.285212031;0.676491889;0.432766066;0.013694124;0.117865902;Oviparous;Terrestrial
